City_ID,City,Lat,Lng,Max Temp,Humidity,Cloudiness,Wind Speed,Country,Date
0,portsmouth,50.8,-1.09,55.99,87,12,4.63,GB,1595376734
1,tautira,-17.73,-149.15,84.2,66,40,5.82,PF,1595376550
2,wukari,7.85,9.78,73.63,91,87,8.68,NG,1595376734
3,namatanai,-3.67,152.43,84.33,70,27,6.13,PG,1595376734
4,saint-leu,-21.15,55.28,64.4,68,90,5.82,RE,1595376734
5,ushuaia,-54.8,-68.3,32.0,86,28,5.82,AR,1595376734
6,tyret pervaya,53.67,102.31,60.35,84,100,6.85,RU,1595376735
7,necochea,-38.55,-58.74,51.01,92,100,17.0,AR,1595376735
8,cape town,-33.93,18.42,48.0,100,0,2.24,ZA,1595376685
9,esperance,-33.87,121.9,44.6,81,0,18.34,AU,1595376508
10,provideniya,64.38,-173.3,50.0,76,40,11.18,RU,1595376547
11,lata,40.16,-8.33,69.01,69,23,3.76,PT,1595376574
12,puerto ayora,-0.74,-90.35,69.01,92,99,5.01,EC,1595376667
13,tasiilaq,65.61,-37.64,46.4,75,97,4.7,GL,1595376736
14,atuona,-9.8,-139.03,79.57,74,2,14.99,PF,1595376736
15,lafia,8.48,8.52,73.08,92,17,6.76,NG,1595376736
16,zhigansk,66.77,123.37,55.69,91,100,22.64,RU,1595376736
17,port hawkesbury,45.62,-61.35,71.6,73,1,2.24,CA,1595376736
18,chuy,-33.7,-53.46,65.19,87,100,6.6,UY,1595376680
19,lorengau,-2.02,147.27,84.51,68,48,8.39,PG,1595376737
20,punta arenas,-53.15,-70.92,23.0,92,9,2.24,CL,1595376673
21,tuktoyaktuk,69.45,-133.04,42.8,81,90,5.82,CA,1595376737
22,aklavik,68.22,-135.01,44.6,87,90,8.05,CA,1595376737
23,nikolskoye,59.7,30.79,62.01,87,40,6.71,RU,1595376737
24,praia da vitoria,38.73,-27.07,71.6,64,20,4.23,PT,1595376737
25,santiago,-33.46,-70.65,46.4,93,90,4.7,CL,1595376651
26,geraldton,-28.77,114.6,50.0,87,0,10.29,AU,1595376737
27,giffoni valle piana,40.72,14.94,75.99,59,0,3.04,IT,1595376738
28,butaritari,3.07,172.79,78.04,82,100,5.73,KI,1595376721
29,port alfred,-33.59,26.89,66.29,27,0,10.13,ZA,1595376516
30,preobrazheniye,42.9,133.91,73.02,65,91,5.48,RU,1595376738
31,sorong,-0.88,131.25,80.26,79,22,7.09,ID,1595376738
32,lebu,-37.62,-73.65,49.8,84,85,10.45,CL,1595376710
33,kodiak,57.79,-152.41,75.2,41,1,8.05,US,1595376627
34,luanda,-8.84,13.23,69.8,83,4,4.7,AO,1595376739
35,hobart,-42.88,147.33,48.99,61,75,10.29,AU,1595376679
36,hilo,19.73,-155.09,84.2,58,1,11.41,US,1595376739
37,sola,-13.88,167.55,77.04,71,61,19.13,VU,1595376739
38,saint-joseph,-21.37,55.62,64.4,68,90,5.82,RE,1595376739
39,karratha,-20.74,116.85,68.67,65,0,7.83,AU,1595376605
40,sobolevo,54.43,31.9,56.01,95,4,11.74,RU,1595376740
41,chumikan,54.72,135.31,51.55,92,100,11.1,RU,1595376740
42,saskylakh,71.92,114.08,46.18,90,100,18.21,RU,1595376555
43,jamestown,42.1,-79.24,77.0,73,1,3.36,US,1595376741
44,luderitz,-26.65,15.16,64.4,42,0,3.36,NA,1595376614
45,vaini,-21.2,-175.2,77.0,57,20,5.82,TO,1595376554
46,bluff,-46.6,168.33,39.0,83,99,3.0,NZ,1595376512
47,oyama,36.3,139.8,86.0,83,75,4.7,JP,1595376741
48,hambantota,6.12,81.12,79.56,85,100,9.73,LK,1595376672
49,ancud,-41.87,-73.82,46.4,75,100,5.82,CL,1595376561
50,ostrovnoy,68.05,39.51,60.12,66,0,8.3,RU,1595376663
51,georgetown,5.41,100.34,77.0,94,20,3.36,MY,1595376695
52,torbay,47.67,-52.73,70.0,77,20,23.04,CA,1595376552
53,sao filipe,14.9,-24.5,77.04,80,62,3.47,CV,1595376742
54,khatanga,71.97,102.5,59.18,52,29,12.91,RU,1595376742
55,caravelas,-17.71,-39.25,68.61,78,0,3.58,BR,1595376743
56,buraydah,26.33,43.98,91.4,21,0,4.7,SA,1595376743
57,castro,-24.79,-50.01,57.29,86,6,3.69,BR,1595376743
58,debre sina,9.85,39.77,55.09,91,100,2.01,ET,1595376743
59,new norfolk,-42.78,147.06,48.99,79,100,1.99,AU,1595376743
60,altay,47.87,88.12,64.83,64,89,0.34,CN,1595376743
61,madras,13.09,80.28,82.4,88,40,4.7,IN,1595376736
62,busselton,-33.65,115.33,54.0,75,3,14.05,AU,1595376543
63,sembakung,3.82,117.25,76.78,93,61,2.48,ID,1595376744
64,yinchuan,38.47,106.27,73.38,59,50,7.31,CN,1595376744
65,kapaa,22.08,-159.32,84.2,66,20,14.99,US,1595376702
66,xining,36.62,101.77,58.68,59,4,3.06,CN,1595376744
67,dikson,73.51,80.55,40.15,94,100,10.09,RU,1595376744
68,lavrentiya,65.58,-171.0,48.45,66,43,7.29,RU,1595376744
69,pevek,69.7,170.31,50.07,58,100,2.37,RU,1595376745
70,qaanaaq,77.48,-69.36,46.89,63,54,5.1,GL,1595376745
71,soyo,-6.13,12.37,70.48,89,0,7.99,AO,1595376568
72,kavieng,-2.57,150.8,84.29,69,4,6.91,PG,1595376745
73,coihaique,-45.58,-72.07,35.6,74,75,4.5,CL,1595376718
74,port hardy,50.7,-127.42,64.4,82,75,9.17,CA,1595376745
75,rikitea,-23.12,-134.97,66.43,60,58,17.36,PF,1595376651
76,moose factory,51.26,-80.61,66.2,68,20,9.17,CA,1595376746
77,mataura,-46.19,168.86,39.0,83,95,3.0,NZ,1595376746
78,port blair,11.67,92.75,81.21,79,99,6.82,IN,1595376746
79,alice springs,-23.7,133.88,46.4,81,0,3.36,AU,1595376746
80,port elizabeth,-33.92,25.57,62.6,45,0,11.41,ZA,1595376518
81,providencia,28.72,-111.58,93.99,57,24,8.01,MX,1595376746
82,thompson,55.74,-97.86,80.6,36,75,14.99,CA,1595376747
83,koboko,3.41,30.96,63.05,96,92,3.83,UG,1595376747
84,husavik,66.04,-17.34,51.8,71,90,5.82,IS,1595376747
85,sisophon,13.59,102.97,78.93,84,91,3.22,KH,1595376747
86,botwood,49.15,-55.35,71.01,63,0,7.58,CA,1595376747
87,saint andrews,34.05,-81.13,95.0,58,75,10.29,US,1595376747
88,san rafael,-34.62,-68.33,46.31,83,87,11.95,AR,1595376748
89,hermanus,-34.42,19.23,48.0,96,0,3.38,ZA,1595376748
90,ducheng,23.24,111.53,82.13,76,27,2.75,CN,1595376748
91,sept-iles,50.2,-66.38,71.6,43,75,12.75,CA,1595376560
92,yelnya,54.58,33.18,56.35,97,31,9.82,RU,1595376748
93,airai,-8.93,125.41,63.16,64,67,5.1,TL,1595376748
94,burnie,-41.07,145.92,52.0,55,53,8.99,AU,1595376748
95,abu samrah,35.3,37.18,71.35,55,0,12.21,SY,1595376748
96,bhainsdehi,21.65,77.63,72.34,91,100,2.19,IN,1595376749
97,norman wells,65.28,-126.83,57.2,76,90,13.87,CA,1595376546
98,boyolangu,-8.12,111.89,75.52,87,83,4.32,ID,1595376749
99,longyearbyen,78.22,15.64,48.2,81,75,3.36,SJ,1595376540
100,mizdah,31.45,12.98,68.54,78,0,9.75,LY,1595376749
101,albany,42.6,-73.97,80.01,51,8,5.17,US,1595376749
102,bengkulu,-3.8,102.27,77.0,86,91,6.46,ID,1595376749
103,sidi ali,36.1,0.42,76.62,69,42,5.44,DZ,1595376750
104,fairmont,39.49,-80.14,75.99,83,82,1.57,US,1595376617
105,vung tau,10.35,107.08,83.21,73,48,3.51,VN,1595376750
106,mount isa,-20.73,139.5,62.6,25,0,9.17,AU,1595376750
107,vangaindrano,-23.35,47.6,64.81,72,99,3.8,MG,1595376750
108,hithadhoo,-0.6,73.08,84.52,67,87,3.27,MV,1595376524
109,constantine,36.37,6.61,75.2,38,20,4.7,DZ,1595376750
110,sisimiut,66.94,-53.67,56.23,72,100,5.46,GL,1595376750
111,klaksvik,62.23,-6.59,44.6,100,3,2.66,FO,1595376571
112,henties bay,-22.12,14.28,61.0,66,0,1.01,NA,1595376709
113,novorudnyy,51.5,58.19,68.0,82,40,11.18,RU,1595376751
114,teya,60.38,92.63,52.65,92,100,0.89,RU,1595376575
115,paignton,50.44,-3.57,57.99,77,77,1.99,GB,1595376751
116,mogadishu,2.04,45.34,77.07,81,92,21.32,SO,1595376751
117,bethel,41.37,-73.41,82.4,51,1,3.36,US,1595376752
118,sechelt,49.47,-123.77,79.0,76,85,1.99,CA,1595376752
119,san quintin,30.48,-115.95,70.48,71,8,16.98,MX,1595376519
120,meliki,40.52,22.4,73.0,59,0,5.1,GR,1595376752
121,bilibino,68.05,166.44,74.23,31,95,4.5,RU,1595376596
122,hailar,49.2,119.7,69.87,67,5,9.4,CN,1595376752
123,pisco,-13.7,-76.22,63.0,82,40,5.82,PE,1595376751
124,khanpur,28.65,70.66,88.97,61,57,5.99,PK,1595376753
125,coquimbo,-29.95,-71.34,55.4,87,90,6.93,CL,1595376753
126,bamora,24.06,78.09,81.19,75,66,8.23,IN,1595376753
127,tiksi,71.69,128.87,49.5,88,98,5.12,RU,1595376515
128,hobyo,5.35,48.53,76.96,77,86,25.28,SO,1595376754
129,springbok,-29.66,17.89,51.71,41,0,2.53,ZA,1595376754
130,kuandian,40.73,124.78,75.11,75,87,2.57,CN,1595376754
131,montepuez,-13.13,39.0,60.37,83,10,8.41,MZ,1595376754
132,ribeira grande,38.52,-28.7,69.39,75,22,3.69,PT,1595376541
133,pangody,65.85,74.49,47.01,73,0,13.13,RU,1595376754
134,fairbanks,64.84,-147.72,55.4,82,90,14.99,US,1595376748
135,saint-philippe,-21.36,55.77,64.4,68,90,5.82,RE,1595376755
136,namibe,-15.2,12.15,67.05,61,7,2.35,AO,1595376664
137,yagodnoye,62.55,149.67,72.95,40,0,4.61,RU,1595376491
138,balkanabat,39.51,54.37,94.84,12,0,18.1,TM,1595376755
139,soddy-daisy,35.24,-85.19,84.0,69,100,3.0,US,1595376755
140,kibre mengist,5.88,38.98,59.16,81,99,2.37,ET,1595376755
141,madimba,-10.4,40.33,69.48,81,3,11.45,TZ,1595376755
142,arlit,18.74,7.39,93.69,28,7,5.75,NE,1595376755
143,sabang,5.89,95.32,82.29,71,100,6.6,ID,1595376736
144,newport,51.59,-3.0,57.99,82,28,3.87,GB,1595376756
145,gravelbourg,49.88,-106.55,78.66,33,64,4.65,CA,1595376756
146,port lincoln,-34.73,135.87,53.17,65,35,6.91,AU,1595376756
147,kloulklubed,7.04,134.26,75.2,94,90,3.36,PW,1595376756
148,bonavista,48.65,-53.11,64.44,76,68,8.25,CA,1595376756
149,port victoria,0.09,33.98,70.03,69,79,7.25,KE,1595376567
150,east london,-33.02,27.91,65.57,26,0,5.35,ZA,1595376654
151,usinsk,65.99,57.53,58.14,70,0,7.56,RU,1595376757
152,aberystwyth,52.42,-4.08,44.01,95,35,3.51,GB,1595376757
153,hofn,64.25,-15.21,52.18,78,100,12.46,IS,1595376757
154,shenjiamen,29.96,122.3,79.38,91,75,18.5,CN,1595376757
155,faanui,-16.48,-151.75,76.87,82,54,22.97,PF,1595376757
156,puerto rico,-26.8,-55.02,65.71,78,100,3.22,AR,1595376757
157,kavaratti,10.57,72.64,80.67,83,100,17.38,IN,1595376733
158,egvekinot,66.32,-179.17,53.22,52,79,3.58,RU,1595376758
159,carnarvon,-24.87,113.63,55.4,100,0,9.17,AU,1595376495
160,srednekolymsk,67.45,153.68,82.15,30,13,14.94,RU,1595376758
161,ouegoa,-20.35,164.43,73.31,53,1,10.0,NC,1595376758
162,rock sound,24.9,-76.2,82.36,78,99,14.09,BS,1595376758
163,imeni babushkina,59.76,43.13,60.24,96,79,8.39,RU,1595376758
164,saint marys,30.73,-81.55,86.0,83,1,8.05,US,1595376759
165,puerto escondido,15.85,-97.07,84.2,70,40,3.36,MX,1595376759
166,mount gambier,-37.83,140.77,46.4,100,90,3.76,AU,1595376759
167,manta,-0.95,-80.73,78.8,74,40,10.29,EC,1595376567
168,lima,-12.04,-77.03,62.6,77,90,8.05,PE,1595376607
169,barrow,71.29,-156.79,35.6,74,90,8.05,US,1595376708
170,souillac,-20.52,57.52,68.0,77,75,12.75,MU,1595376660
171,kiruna,67.86,20.23,48.2,93,99,12.75,SE,1595376760
172,karlskoga,59.33,14.52,55.0,87,55,5.82,SE,1595376760
173,tarakan,3.3,117.63,78.37,87,65,7.02,ID,1595376760
174,hami,42.8,93.45,75.51,39,14,5.08,CN,1595376760
175,lebanon,36.21,-86.29,87.01,78,1,5.61,US,1595376531
176,esmeraldas,-19.76,-44.31,69.8,64,0,6.93,BR,1595376760
177,nicoya,10.15,-85.45,71.6,100,75,5.82,CR,1595376760
178,olafsvik,64.89,-23.71,49.06,74,100,1.03,IS,1595376537
179,tamandare,-8.76,-35.1,74.75,79,25,10.69,BR,1595376761
180,maceio,-9.67,-35.74,71.6,83,0,1.12,BR,1595376623
181,acapulco,16.86,-99.89,84.2,79,75,5.82,MX,1595376761
182,pimentel,-6.84,-79.93,66.2,72,95,19.46,PE,1595376761
183,northam,51.03,-4.22,52.0,94,38,1.99,GB,1595376544
184,severo-kurilsk,50.68,156.12,52.63,80,23,9.71,RU,1595376761
185,miquelon,47.1,-56.38,60.4,84,0,19.08,PM,1595376762
186,bredasdorp,-34.53,20.04,48.2,93,0,4.7,ZA,1595376675
187,darnah,32.77,22.64,75.45,81,0,19.3,LY,1595376762
188,kaitangata,-46.28,169.85,45.0,70,51,8.01,NZ,1595376762
189,lubango,-14.92,13.49,53.8,42,18,3.94,AO,1595376762
190,malindi,-3.22,40.12,76.28,77,44,17.87,KE,1595376666
191,whitehorse,60.72,-135.05,64.99,52,75,6.93,CA,1595376552
192,arraial do cabo,-22.97,-42.03,69.8,94,20,6.93,BR,1595376535
193,talakan,50.32,130.37,73.76,52,7,7.61,RU,1595376725
194,saldanha,-33.01,17.94,48.2,87,0,1.12,ZA,1595376763
195,juneau,58.3,-134.42,64.4,63,75,6.93,US,1595376492
196,cidreira,-30.18,-50.21,65.64,71,95,7.45,BR,1595376661
197,angoche,-16.23,39.91,67.59,77,5,8.86,MZ,1595376763
198,durres,41.32,19.44,66.2,82,0,2.24,AL,1595376764
199,labe,11.32,-12.28,65.95,99,100,3.65,GN,1595376764
200,kruisfontein,-34.0,24.73,55.78,50,0,6.82,ZA,1595376764
201,la union,-5.4,-80.75,67.84,69,61,15.95,PE,1595376764
202,sarangani,5.4,125.46,84.11,71,95,6.89,PH,1595376764
203,nathdwara,24.93,73.82,77.0,80,62,5.99,IN,1595376765
204,narsaq,60.92,-46.05,60.8,38,58,5.82,GL,1595376588
205,berwick,41.05,-76.23,80.01,78,90,0.85,US,1595376765
206,rundu,-17.93,19.77,49.91,45,0,5.61,NA,1595376765
207,gutersloh,51.9,8.38,53.01,85,1,1.45,DE,1595376765
208,chancay,-11.57,-77.27,62.6,77,90,8.05,PE,1595376765
209,batemans bay,-35.72,150.18,57.99,63,25,1.34,AU,1595376765
210,yantzaza,-3.83,-78.76,67.39,83,82,0.49,EC,1595376766
211,alofi,-19.06,-169.92,80.6,78,50,4.7,NU,1595376526
212,vila velha,-20.33,-40.29,75.0,83,20,9.17,BR,1595376495
213,bosanska dubica,45.18,16.81,64.4,93,0,2.24,BA,1595376766
214,mahebourg,-20.41,57.7,68.0,77,75,12.75,MU,1595376766
215,jawa,31.85,35.94,71.6,24,0,7.31,JO,1595376766
216,hervey bay,-25.3,152.85,64.0,67,100,13.87,AU,1595376766
217,lianran,24.92,102.48,66.0,100,90,15.66,CN,1595376767
218,amarante do maranhao,-5.57,-46.74,75.78,47,26,2.59,BR,1595376767
219,pustoshka,56.34,29.37,53.83,92,24,6.89,RU,1595376767
220,mosjoen,65.84,13.19,50.0,87,89,2.24,NO,1595376471
221,voh,-20.97,164.7,75.76,43,3,5.91,NC,1595376767
222,fallon,39.47,-118.78,100.4,8,40,5.82,US,1595376683
223,fortuna,40.6,-124.16,59.0,87,90,14.99,US,1595376767
224,narasannapeta,18.42,84.05,81.43,88,100,7.85,IN,1595376768
225,lagoa,39.05,-27.98,68.95,79,0,4.36,PT,1595376637
226,mahon,39.89,4.27,73.4,83,0,8.05,ES,1595376768
227,tazovskiy,67.47,78.7,44.26,81,39,17.18,RU,1595376666
228,cherskiy,68.75,161.3,78.4,30,65,10.65,RU,1595376527
229,hamada,34.88,132.08,73.4,100,75,5.82,JP,1595376768
230,lang suan,9.95,99.08,75.2,94,20,1.61,TH,1595376768
231,haysville,37.56,-97.35,89.6,45,1,5.82,US,1595376769
232,tura,25.52,90.22,74.16,99,99,4.83,IN,1595376769
233,solnechnyy,50.72,136.63,66.27,80,86,5.1,RU,1595376769
234,mwinilunga,-11.74,24.43,49.95,62,0,4.83,ZM,1595376769
235,nanortalik,60.14,-45.24,51.75,66,96,13.04,GL,1595376769
236,paamiut,61.99,-49.67,47.34,87,33,14.9,GL,1595376755
237,suez,29.97,32.53,73.65,81,0,8.7,EG,1595376769
238,san cristobal,7.77,-72.22,86.0,58,75,6.93,VE,1595376738
239,kabompo,-13.59,24.2,53.4,65,0,5.57,ZM,1595376770
240,acajutiba,-11.66,-38.02,67.19,97,29,5.7,BR,1595376770
241,chunoyar,57.45,97.32,59.04,88,43,0.87,RU,1595376770
242,lasa,46.62,10.7,59.0,82,40,4.7,IT,1595376770
243,chokurdakh,70.63,147.92,80.02,36,100,12.28,RU,1595376505
244,avarua,-21.21,-159.78,78.8,83,70,17.22,CK,1595376558
245,molokovo,58.17,36.76,57.02,98,100,7.09,RU,1595376771
246,hasaki,35.73,140.83,78.8,88,75,6.93,JP,1595376588
247,chistoye,56.54,43.0,59.0,100,20,6.71,RU,1595376771
248,novikovo,51.15,37.89,61.66,88,93,6.73,RU,1595376771
249,ahipara,-35.17,173.17,53.44,67,78,22.86,NZ,1595376771
250,rocha,-34.48,-54.33,65.71,91,100,4.59,UY,1595376771
251,mar del plata,-38.0,-57.56,51.8,93,90,19.46,AR,1595376546
252,kenai,60.55,-151.26,69.8,55,1,13.87,US,1595376772
253,los llanos de aridane,28.66,-17.92,73.4,69,90,16.11,ES,1595376568
254,tarija,-21.54,-64.73,63.46,69,100,2.42,BO,1595376772
255,codrington,-38.27,141.97,51.33,80,99,9.66,AU,1595376772
256,high level,58.52,-117.14,64.4,82,75,4.7,CA,1595376772
257,qaqortoq,60.72,-46.03,57.2,54,79,4.7,GL,1595376772
258,urumqi,43.8,87.6,75.2,44,6,6.71,CN,1595376772
259,aquiraz,-3.9,-38.39,78.8,78,20,11.41,BR,1595376773
260,katsuura,35.13,140.3,80.6,88,75,10.29,JP,1595376773
261,nadym,65.53,72.52,48.04,72,0,10.04,RU,1595376773
262,baikunthpur,23.25,82.55,74.25,90,100,2.95,IN,1595376773
263,batagay-alyta,67.8,130.41,72.73,46,18,16.93,RU,1595376773
264,de aar,-30.65,24.01,44.28,52,0,2.37,ZA,1595376773
265,liuhe,42.24,125.72,76.68,75,87,2.53,CN,1595376774
266,requena,39.49,-1.1,66.99,64,32,4.7,ES,1595376774
267,moron,-34.65,-58.62,57.0,100,90,2.24,AR,1595376774
268,bukama,-9.2,25.85,63.61,47,0,2.8,CD,1595376774
269,grande prairie,55.17,-118.8,73.4,60,75,4.7,CA,1595376625
270,ballina,-28.87,153.57,57.2,76,75,10.29,AU,1595376519
271,brae,60.4,-1.35,44.6,93,2,2.24,GB,1595376775
272,tilichiki,60.47,166.1,56.86,61,0,6.04,RU,1595376775
273,monteagudo,-19.82,-63.98,63.73,72,94,0.74,BO,1595376775
274,anadyr,64.75,177.48,59.0,58,28,6.71,RU,1595376695
275,viedma,-40.81,-63.0,46.0,87,100,5.99,AR,1595376762
276,kamaishi,39.27,141.88,75.2,83,75,1.12,JP,1595376776
277,marovoay,-16.1,46.63,68.0,72,0,3.36,MG,1595376776
278,road town,18.42,-64.62,84.2,74,40,11.41,VG,1595376556
279,severnyy,50.68,36.55,64.4,77,77,8.95,RU,1595376776
280,gotsu,35.0,132.22,73.4,100,75,5.82,JP,1595376776
281,zemio,5.03,25.14,68.2,94,100,1.9,CF,1595376777
282,verkhnevilyuysk,63.45,120.32,67.46,74,4,7.81,RU,1595376777
283,talara,-4.58,-81.27,62.8,88,71,13.58,PE,1595376777
284,mata,40.68,-7.46,61.0,80,47,1.01,PT,1595376777
285,fuyang,32.9,115.82,73.11,96,100,12.12,CN,1595376777
286,port augusta,-32.5,137.77,46.99,100,0,3.83,AU,1595376589
287,baruun-urt,46.68,113.28,73.0,51,0,8.61,MN,1595376778
288,tungor,53.38,142.96,55.62,81,100,14.12,RU,1595376778
289,shepsi,44.04,39.15,71.04,74,0,6.64,RU,1595376778
290,vizinga,61.07,50.1,54.88,96,38,5.97,RU,1595376778
291,natal,-5.79,-35.21,73.4,78,40,9.17,BR,1595376778
292,dillon,34.42,-79.37,87.8,62,1,5.82,US,1595376778
293,ponta do sol,32.67,-17.1,69.8,73,20,12.75,PT,1595376778
294,peniche,39.36,-9.38,66.0,91,0,3.0,PT,1595376646
295,te anau,-45.42,167.72,40.35,76,46,4.29,NZ,1595376621
296,vale,41.62,42.87,69.8,94,90,4.7,GE,1595376779
297,ashqelon,31.67,34.57,75.2,83,20,8.05,IL,1595376779
298,camacha,33.08,-16.33,68.0,77,75,12.75,PT,1595376779
299,houlton,46.13,-67.84,78.8,39,1,5.82,US,1595376779
300,hualmay,-11.1,-77.61,60.06,85,63,7.74,PE,1595376573
301,valdivia,-39.81,-73.25,46.4,100,100,4.7,CL,1595376760
302,muncar,-8.43,114.33,77.07,86,52,6.82,ID,1595376780
303,lusambo,-4.97,23.45,69.48,42,0,0.69,CD,1595376780
304,indramayu,-6.33,108.32,78.76,77,38,9.06,ID,1595376780
305,zambezi,-13.54,23.1,52.09,59,0,5.37,ZM,1595376780
306,santa cruz,-17.8,-63.17,78.8,69,20,9.17,BO,1595376611
307,asau,46.43,26.4,59.0,95,0,3.6,RO,1595376772
308,morant bay,17.88,-76.41,86.0,70,20,17.22,JM,1595376781
309,natchez,31.56,-91.4,87.8,74,40,5.82,US,1595376781
310,pacific grove,36.62,-121.92,64.4,72,75,10.29,US,1595376506
311,victoria,22.29,114.16,84.0,83,2,3.0,HK,1595376652
312,camana,-16.62,-72.71,59.05,77,64,7.47,PE,1595376781
313,chapayevka,47.47,36.35,66.47,63,0,4.74,UA,1595376782
314,manuk mangkaw,4.8,119.85,84.09,71,82,6.62,PH,1595376662
315,tual,-5.67,132.75,78.84,82,21,22.35,ID,1595376781
316,kashary,49.04,41.01,64.6,73,5,5.26,RU,1595376782
317,ternate,0.8,127.4,82.54,73,43,5.41,ID,1595376782
318,wanning,18.8,110.4,84.24,75,47,4.68,CN,1595376782
319,chirongui,-12.93,45.15,77.0,69,20,18.34,YT,1595376782
320,altamont,42.21,-121.74,95.0,11,1,14.23,US,1595376783
321,malatya,38.5,38.0,68.0,49,0,4.7,TR,1595376727
322,miri,4.41,114.01,77.0,100,40,2.24,MY,1595376634
323,hamilton,39.18,-84.53,89.01,62,75,5.82,US,1595376764
324,zhangjiakou,40.81,114.88,72.07,60,0,5.5,CN,1595376783
325,kawalu,-7.38,108.21,72.37,91,83,0.65,ID,1595376783
326,billericay,51.63,0.42,59.0,79,16,2.37,GB,1595376783
327,taksimo,56.34,114.88,53.4,83,72,1.32,RU,1595376784
328,inverell,-29.78,151.12,55.99,64,98,1.99,AU,1595376784
329,progreso,21.28,-89.67,87.8,62,40,5.82,MX,1595376784
330,hay river,60.82,-115.8,73.4,56,75,12.75,CA,1595376784
331,wonthaggi,-38.6,145.59,55.0,89,99,10.96,AU,1595376596
332,leningradskiy,69.38,178.42,55.2,50,99,12.48,RU,1595376784
333,sovetskiy,61.36,63.58,57.29,71,0,1.59,RU,1595376700
334,yashkul,46.17,45.34,73.09,66,29,12.88,RU,1595376785
335,komsomolskiy,40.43,71.72,71.6,43,0,6.93,UZ,1595376785
336,fuling,29.7,107.39,78.75,84,100,1.34,CN,1595376785
337,shihezi,44.3,86.03,77.72,37,72,5.1,CN,1595376689
338,ust-tsilma,65.44,52.15,56.44,81,0,4.65,RU,1595376564
339,saint george,37.1,-113.58,96.01,21,1,11.41,US,1595376510
340,san jose,37.34,-121.89,82.99,53,75,9.17,US,1595376559
341,zaozerne,45.16,33.28,73.47,71,0,10.87,UA,1595376786
342,salinopolis,-0.61,-47.36,78.37,85,26,10.38,BR,1595376686
343,vazhiny,60.96,34.02,59.85,97,100,4.41,RU,1595376786
344,vaitape,-16.52,-151.75,77.68,80,53,22.95,PF,1595376786
345,san matias,-16.37,-58.4,78.04,34,0,5.41,BO,1595376786
346,odiongan,12.4,121.99,82.65,78,96,7.25,PH,1595376787
347,yellowknife,62.46,-114.35,77.0,57,40,10.29,CA,1595376787
348,doha,25.29,51.53,95.0,79,12,4.7,QA,1595376522
349,minot,48.23,-101.3,75.2,57,1,3.36,US,1595376601
350,rio grande,-32.03,-52.1,69.01,81,92,7.9,BR,1595376787
351,kendari,-3.94,122.5,77.49,88,76,2.15,ID,1595376787
352,dhenkanal,20.67,85.6,82.4,94,90,5.82,IN,1595376788
353,sharjah,25.36,55.4,93.2,63,20,12.75,AE,1595376788
354,ilulissat,69.22,-51.1,51.8,53,96,4.7,GL,1595376788
355,concarneau,47.88,-3.92,55.4,76,26,5.82,FR,1595376532
356,nome,64.5,-165.41,57.99,81,75,19.46,US,1595376788
357,kimbe,-5.55,150.14,85.8,65,7,7.0,PG,1595376788
358,bathsheba,13.22,-59.52,82.4,74,20,16.11,BB,1595376788
359,tonantins,-2.87,-67.8,77.58,72,67,0.54,BR,1595376789
360,iquique,-20.22,-70.14,60.8,72,90,5.82,CL,1595376789
361,teahupoo,-17.83,-149.27,84.2,66,40,5.82,PF,1595376789
362,marathon,44.9,-89.77,66.99,100,90,8.05,US,1595376789
363,hearst,49.68,-83.67,70.68,46,100,3.22,CA,1595376789
364,esna,25.29,32.55,89.6,35,5,4.7,EG,1595376789
365,lompoc,34.64,-120.46,66.99,72,72,12.75,US,1595376790
366,padang,-0.95,100.35,77.81,80,100,3.8,ID,1595376790
367,quatre cocos,-20.21,57.76,68.0,77,75,12.75,MU,1595376790
368,qom,34.64,50.88,77.29,18,0,0.96,IR,1595376790
369,bambous virieux,-20.34,57.76,68.0,77,75,12.75,MU,1595376790
370,nantucket,41.28,-70.1,73.4,78,1,5.82,US,1595376773
371,kalmunai,7.42,81.82,80.19,81,100,8.59,LK,1595376790
372,vao,-22.67,167.48,67.96,75,43,19.89,NC,1595376777
373,jumla,29.27,82.18,57.52,70,92,1.16,NP,1595376791
374,tarnow,50.01,20.99,59.0,82,1,2.53,PL,1595376791
375,dauphin,51.15,-100.05,71.6,73,40,5.82,CA,1595376737
376,mozhga,56.44,52.23,58.6,94,26,5.35,RU,1595376791
377,tessalit,20.2,1.01,88.14,38,74,15.57,ML,1595376791
378,jieshi,22.81,115.83,83.14,80,7,7.9,CN,1595376791
379,faya,18.39,42.45,71.6,88,92,3.6,SA,1595376792
380,kudahuvadhoo,2.67,72.89,84.27,71,95,10.02,MV,1595376792
381,pimenta bueno,-11.67,-61.19,74.89,41,0,0.74,BR,1595376792
382,rockhampton,-23.38,150.5,64.4,68,90,8.05,AU,1595376792
383,kropotkin,45.44,40.58,62.29,85,0,6.26,RU,1595376596
384,sitka,57.05,-135.33,57.2,87,90,9.17,US,1595376719
385,upernavik,72.79,-56.15,48.36,59,99,7.83,GL,1595376496
386,matara,5.95,80.54,77.83,89,99,3.69,LK,1595376793
387,port macquarie,-31.43,152.92,59.0,71,92,3.0,AU,1595376793
388,vanavara,60.34,102.28,60.85,67,0,1.52,RU,1595376793
389,gravdal,68.12,13.5,51.66,79,97,4.83,NO,1595376759
390,klyuchi,52.27,79.17,58.5,87,35,8.34,RU,1595376793
391,dingle,11.0,122.67,80.17,86,100,4.32,PH,1595376714
392,jaggayyapeta,16.9,80.1,80.78,88,100,5.12,IN,1595376794
393,vila franca do campo,37.72,-25.43,62.6,82,40,4.7,PT,1595376794
394,andenes,69.31,16.12,50.0,93,100,6.93,NO,1595376794
395,syamzha,60.02,41.06,59.74,97,74,7.92,RU,1595376794
396,ulaanbaatar,47.91,106.88,59.0,58,60,2.24,MN,1595376794
397,nalut,30.33,10.85,74.03,60,0,13.4,LY,1595376794
398,tahlequah,35.92,-94.97,89.6,52,75,2.13,US,1595376649
399,naze,28.37,129.48,86.0,79,20,8.05,JP,1595376795
400,sakakah,29.97,40.21,93.2,15,6,12.75,SA,1595376795
401,bhuj,23.27,69.67,82.08,80,31,11.9,IN,1595376795
402,wilmington island,32.0,-80.97,88.0,62,1,9.17,US,1595376795
403,palmas,-10.21,-48.36,78.8,54,0,5.82,BR,1595376737
404,bonthe,7.53,-12.51,76.8,87,100,5.79,SL,1595376728
405,chaohu,31.6,117.87,78.8,100,100,8.95,CN,1595376796
406,mechetinskaya,46.77,40.46,66.49,75,8,4.03,RU,1595376796
407,berdigestyakh,62.1,126.7,65.43,64,18,9.35,RU,1595376796
408,poitiers,46.58,0.33,71.6,37,17,9.17,FR,1595376796
409,neiafu,-18.65,-173.98,78.8,74,20,10.8,TO,1595376796
410,griffith,41.53,-87.42,77.0,83,75,3.36,US,1595376796
411,seoul,37.57,126.98,73.4,94,90,1.72,KR,1595376499
412,kirakira,-10.45,161.92,82.44,70,20,7.85,SB,1595376797
413,pietermaritzburg,-29.62,30.39,57.0,85,0,4.16,ZA,1595376797
414,pudozh,61.81,36.53,59.49,98,99,3.42,RU,1595376797
415,la paz,-16.5,-68.15,41.0,35,1,6.93,BO,1595376797
416,pokhara,28.23,83.98,70.84,74,90,2.51,NP,1595376797
417,cockburn town,21.46,-71.14,83.77,78,4,19.19,TC,1595376798
418,taltal,-25.4,-70.48,57.36,67,83,6.11,CL,1595376798
419,victoria point,-27.58,153.3,61.0,71,100,3.0,AU,1595376798
420,poso,-1.4,120.75,81.72,68,50,5.75,ID,1595376798
421,scalea,39.81,15.8,72.0,60,0,4.23,IT,1595376798
422,katherine,-14.47,132.27,69.8,26,47,12.75,AU,1595376798
423,farafangana,-22.82,47.83,66.85,63,89,5.77,MG,1595376798
424,chervona sloboda,49.38,32.15,62.89,89,10,11.88,UA,1595376799
425,gijon,43.54,-5.66,68.0,81,98,4.23,ES,1595376771
426,anta,25.15,76.3,82.98,73,50,6.6,IN,1595376799
427,porto velho,-8.76,-63.9,78.8,65,20,1.12,BR,1595376743
428,aksu,41.12,80.26,74.68,37,99,8.72,CN,1595376628
429,barcelos,41.54,-8.62,77.0,88,22,3.15,PT,1595376799
430,lalupon,7.47,4.07,72.21,97,100,2.84,NG,1595376799
431,piacabucu,-10.41,-36.43,73.26,85,1,9.33,BR,1595376800
432,waingapu,-9.66,120.26,77.9,73,46,13.73,ID,1595376800
433,taoudenni,22.68,-3.98,102.11,11,0,14.03,ML,1595376531
434,parabel,58.7,81.48,56.39,85,89,11.12,RU,1595376554
435,abu kamal,34.45,40.92,83.97,27,0,18.95,SY,1595376800
436,lloydminster,53.28,-110.0,73.4,60,75,10.29,CA,1595376653
437,magalia,39.81,-121.58,93.2,38,20,5.82,US,1595376800
438,ouesso,1.61,16.05,71.01,83,19,1.54,CG,1595376801
439,urusha,54.05,122.9,60.89,66,52,3.91,RU,1595376801
440,nortelandia,-14.45,-56.8,75.4,41,0,3.56,BR,1595376801
441,polunochnoye,60.87,60.42,50.41,85,0,0.74,RU,1595376801
442,borovskoy,53.8,64.15,55.71,86,49,7.7,KZ,1595376801
443,gongzhuling,43.5,124.82,78.37,71,89,8.32,CN,1595376801
444,vermilion,40.17,-87.75,73.4,100,90,8.05,US,1595376801
445,nemuro,43.32,145.57,62.6,100,75,4.7,JP,1595376736
446,sulphur,30.24,-93.38,86.0,70,1,8.05,US,1595376560
447,shibganj,24.68,88.16,81.14,87,100,1.03,BD,1595376802
448,portobelo,9.55,-79.65,80.6,83,75,3.98,PA,1595376802
449,xiongzhou,25.12,114.3,84.25,66,17,3.24,CN,1595376802
450,along,28.17,94.77,73.42,90,100,1.39,IN,1595376802
451,kirkland lake,48.14,-80.04,69.8,68,40,5.82,CA,1595376802
452,oranjemund,-28.55,16.43,60.93,49,0,6.82,NA,1595376723
453,bilma,18.69,12.92,90.0,26,1,9.28,NE,1595376803
454,kamen-rybolov,44.75,132.04,72.25,69,0,3.47,RU,1595376803
455,vega de alatorre,20.03,-96.63,85.1,70,87,10.2,MX,1595376803
456,koroni,36.8,21.95,78.01,68,0,6.04,GR,1595376803
457,alta gracia,-31.65,-64.43,55.0,81,90,5.82,AR,1595376803
458,perg,48.25,14.63,64.4,88,20,2.24,AT,1595376803
459,tromso,69.65,18.96,50.0,93,75,27.51,NO,1595376804
460,san vicente,-26.62,-54.13,62.33,84,97,3.27,AR,1595376804
461,tuatapere,-46.13,167.68,39.0,83,85,3.0,NZ,1595376804
462,gladstone,-23.85,151.25,66.2,55,90,10.29,AU,1595376804
463,bud,39.45,-86.18,82.4,74,40,8.05,US,1595376804
464,sioux lookout,50.1,-91.92,71.6,43,75,6.93,CA,1595376804
465,saint-augustin,51.23,-58.65,69.04,52,30,9.26,CA,1595376804
466,puerto narino,-3.77,-70.38,78.8,100,40,0.96,CO,1595376805
467,roncade,45.63,12.37,72.0,88,40,2.24,IT,1595376805
468,guatire,10.48,-66.54,73.0,86,98,2.66,VE,1595376805
469,cumberland,35.05,-78.87,91.0,52,1,8.05,US,1595376805
470,maneadero,31.72,-116.57,72.0,79,16,3.0,MX,1595376805
471,palmer,42.16,-72.33,86.0,45,20,8.05,US,1595376806
472,matagami,49.75,-77.63,75.2,36,1,2.86,CA,1595376806
473,salalah,17.02,54.09,80.6,94,90,5.82,OM,1595376806
474,yerbogachen,61.28,108.01,57.85,81,98,6.89,RU,1595376806
475,tiznit,29.58,-9.5,73.71,51,0,1.16,MA,1595376807
476,fort nelson,58.81,-122.7,77.0,41,75,4.7,CA,1595376807
477,jeremie,18.65,-74.12,82.13,74,69,3.94,HT,1595376807
478,gat,31.61,34.76,75.0,81,0,2.53,IL,1595376527
479,ottawa,45.41,-75.7,75.99,49,20,4.7,CA,1595376803
480,terra santa,-2.1,-56.49,77.94,67,13,1.57,BR,1595376808
481,homestead,25.47,-80.48,79.0,83,75,9.17,US,1595376685
482,starokostyantyniv,49.76,27.2,55.63,94,0,7.29,UA,1595376809
483,loreto,22.27,-101.97,74.82,44,48,10.22,MX,1595376809
484,belyy yar,53.6,91.39,60.8,87,40,8.95,RU,1595376809
485,krasnoborsk,61.56,45.93,57.09,91,61,7.14,RU,1595376810
486,honggang,46.47,124.87,75.4,52,76,12.33,CN,1595376810
487,tuscaloosa,33.21,-87.57,78.8,83,1,3.36,US,1595376568
488,sao pedro da aldeia,-22.84,-42.1,69.8,94,20,6.93,BR,1595376810
489,humaita,-7.51,-63.02,77.43,50,0,1.79,BR,1595376810
490,cairns,-16.92,145.77,73.99,78,75,10.29,AU,1595376810
491,toora-khem,52.47,96.11,60.31,84,100,1.28,RU,1595376587
492,muros,42.78,-9.06,66.99,78,0,5.99,ES,1595376811
493,ambon,-3.7,128.18,82.0,88,40,5.82,ID,1595376811
494,ambilobe,-13.2,49.05,62.6,79,74,3.67,MG,1595376811
495,iqaluit,63.75,-68.51,48.2,87,90,10.29,CA,1595376811
496,belfast,54.58,-5.93,57.2,71,100,3.36,GB,1595376811
497,saint-prosper,46.21,-70.48,66.0,100,0,1.01,CA,1595376811
498,yangmei,24.1,112.56,78.62,71,27,2.68,CN,1595376812
499,salinas,36.68,-121.66,70.0,68,40,14.99,US,1595376812
500,carmen,18.63,-91.83,87.8,66,75,10.29,MX,1595376812
501,baracoa,20.35,-74.5,80.69,82,87,7.54,CU,1595376812
502,pechenga,69.53,31.17,57.2,93,72,6.93,RU,1595376812
503,filingue,14.35,3.32,81.57,59,100,7.99,NE,1595376768
504,elizabeth city,36.29,-76.25,91.0,70,1,9.17,US,1595376635
505,bianzhuang,34.85,118.04,70.12,97,100,10.78,CN,1595376812
506,marawi,8.0,124.29,81.0,79,100,1.01,PH,1595376813
507,belmonte,-15.86,-38.88,69.8,73,0,2.24,BR,1595376813
508,ilhabela,-23.78,-45.36,71.42,61,0,3.74,BR,1595376634
509,togur,58.36,82.83,56.68,86,90,9.78,RU,1595376813
510,korla,41.76,86.15,75.0,86,53,4.16,CN,1595376813
511,pospelikha,51.95,81.77,57.88,89,48,9.24,RU,1595376813
512,red wing,44.56,-92.53,82.4,54,40,6.93,US,1595376590
513,flinders,-34.58,150.86,55.0,68,43,11.01,AU,1595376814
514,tongzi,28.78,105.09,72.01,88,100,1.36,CN,1595376814
515,dalvik,65.97,-18.53,51.8,71,90,5.82,IS,1595376814
516,saint paul,44.94,-93.09,79.0,61,75,14.99,US,1595376790
517,lethem,3.38,-59.8,75.4,82,100,0.92,GY,1595376814
518,nueva loja,0.08,-76.88,75.97,77,36,0.47,EC,1595376814
519,talnakh,69.49,88.4,51.8,87,40,26.84,RU,1595376740
520,pangoa,-12.12,-73.0,70.3,89,46,2.68,PE,1595376815
521,tommot,58.96,126.29,66.52,65,10,6.82,RU,1595376590
522,inirida,3.87,-67.92,74.59,94,93,0.22,CO,1595376815
523,jijiang,29.29,106.25,75.99,83,100,2.46,CN,1595376815
524,kralendijk,12.15,-68.27,84.2,74,0,17.22,BQ,1595376815
525,touros,-5.2,-35.46,73.4,78,75,5.82,BR,1595376597
526,west plains,36.73,-91.85,89.6,55,1,9.17,US,1595376767
527,laguna,38.42,-121.42,86.0,40,1,6.93,US,1595376816
528,naryan-mar,67.67,53.09,58.6,69,0,8.52,RU,1595376816
529,solton,52.84,86.48,56.71,95,21,3.78,RU,1595376816
530,krasnoselkup,65.7,82.47,49.28,80,84,17.96,RU,1595376595
531,portland,45.52,-122.68,90.0,33,1,9.17,US,1595376695
532,morristown,36.21,-83.29,86.0,58,1,6.44,US,1595376816
533,leogane,18.51,-72.63,75.2,88,20,12.75,HT,1595376816
534,healesville,-37.65,145.52,50.0,87,83,1.86,AU,1595376817
535,quang ngai,15.12,108.8,81.37,71,53,3.96,VN,1595376817
536,missoula,47.02,-113.8,91.4,19,1,3.36,US,1595376817
537,presidencia roque saenz pena,-26.79,-60.44,76.51,52,100,6.89,AR,1595376817
538,champerico,14.3,-91.92,82.4,74,90,6.93,GT,1595376817
539,gizycko,54.04,21.76,50.34,89,0,9.15,PL,1595376817
540,uyuni,-20.46,-66.83,47.14,42,66,4.65,BO,1595376596
541,callaway,30.15,-85.57,89.6,70,20,2.91,US,1595376817
542,jieznas,54.6,24.17,53.6,76,0,6.93,LT,1595376818
543,eirunepe,-6.66,-69.87,77.38,73,58,1.14,BR,1595376818
544,rwamagana,-1.95,30.43,68.0,64,75,3.36,RW,1595376818
545,birjand,32.87,59.22,69.8,21,0,4.7,IR,1595376818
546,grand gaube,-20.01,57.66,64.99,76,43,4.0,MU,1595376752
547,noumea,-22.28,166.46,71.01,73,90,13.87,NC,1595376528
548,barberton,-25.79,31.05,51.8,87,0,2.77,ZA,1595376818
549,payson,40.04,-111.73,96.01,19,75,5.82,US,1595376530
550,lakes entrance,-37.88,147.98,52.0,81,38,1.01,AU,1595376819
551,shebunino,46.43,141.86,61.36,92,99,12.88,RU,1595376819
552,sorland,67.67,12.69,52.09,80,78,10.33,NO,1595376766
553,kastamonu,41.5,33.67,53.38,87,0,2.35,TR,1595376819
554,mariental,-24.63,17.97,52.32,38,0,11.36,NA,1595376819
555,balkhash,46.84,74.98,73.99,54,4,7.85,KZ,1595376819
556,san patricio,19.22,-104.7,86.0,74,40,23.04,MX,1595376820
557,samarai,-10.62,150.67,77.45,77,80,15.9,PG,1595376553
558,emba,48.83,58.14,80.53,31,77,17.22,KZ,1595376820
559,lodja,-3.48,23.43,72.18,47,0,1.45,CD,1595376820
560,cervo,43.67,-7.41,64.0,90,51,1.01,ES,1595376820
561,guerrero negro,27.98,-114.06,72.54,67,7,19.44,MX,1595376820
562,mainpuri,27.23,79.02,80.56,81,100,2.33,IN,1595376820
563,sur,22.57,59.53,84.45,70,99,14.94,OM,1595376820
564,kati,12.74,-8.07,78.8,88,20,2.24,ML,1595376821
565,tucuman,-26.82,-65.22,59.0,67,90,5.82,AR,1595376557
566,walvis bay,-22.96,14.51,68.0,24,0,13.87,NA,1595376746
567,reconquista,-29.15,-59.65,77.97,56,100,6.64,AR,1595376821
568,hailey,43.52,-114.32,89.6,15,5,6.93,US,1595376821
569,vila do maio,15.13,-23.22,80.6,78,51,9.17,CV,1595376821
570,manyana,-23.4,21.72,47.03,49,0,4.9,BW,1595376738
571,prince rupert,54.32,-130.32,57.2,87,90,5.82,CA,1595376806
572,bandar-e lengeh,26.56,54.88,93.2,75,2,11.41,IR,1595376822
573,xai-xai,-25.05,33.64,60.12,85,0,5.37,MZ,1595376822
574,west helena,34.55,-90.64,82.4,83,52,5.28,US,1595376822
575,okha,53.57,142.95,54.46,84,100,14.76,RU,1595376589
576,wanaka,-44.7,169.15,38.64,72,13,3.18,NZ,1595376785
577,grindavik,63.84,-22.43,50.0,76,75,4.7,IS,1595376543
578,yashalta,46.34,42.28,65.86,83,3,7.83,RU,1595376823
579,mitsamiouli,-11.38,43.28,76.24,64,0,12.95,KM,1595376823
580,sandviken,60.62,16.77,52.0,67,82,4.0,SE,1595376823
581,honiara,-9.43,159.95,86.0,70,75,3.36,SB,1595376543
582,rupert,42.62,-113.68,91.4,16,1,9.17,US,1595376570
583,durban,-29.86,31.03,57.0,87,0,2.24,ZA,1595376687
584,kurilsk,45.23,147.88,54.61,89,100,10.33,RU,1595376824
585,luba,3.46,8.55,73.4,100,40,2.24,GQ,1595376824
586,pierre,44.37,-100.35,82.4,37,1,8.05,US,1595376683
587,sinnamary,5.38,-52.95,78.08,84,78,8.12,GF,1595376547
588,axim,4.87,-2.24,75.47,91,94,10.04,GH,1595376824
589,sao miguel do araguaia,-13.28,-50.16,74.41,45,3,2.77,BR,1595376824
590,marystown,47.17,-55.15,60.69,80,8,14.0,CA,1595376749
591,verkhnyaya inta,65.98,60.31,58.19,74,0,7.47,RU,1595376825
592,oyek,52.59,104.46,60.8,72,97,6.71,RU,1595376825
593,cabo san lucas,22.89,-109.91,93.2,65,20,17.22,MX,1595376583
594,constitucion,-35.33,-72.42,50.86,80,98,11.59,CL,1595376825
595,westport,41.14,-73.36,84.99,58,1,9.17,US,1595376663
596,bubaque,11.28,-15.83,79.74,77,100,3.56,GW,1595376826
597,manicore,-5.81,-61.3,78.8,88,1,1.83,BR,1595376573
598,kahului,20.89,-156.47,87.8,48,40,16.11,US,1595376826
599,morondava,-20.28,44.28,64.54,60,0,8.68,MG,1595376826
600,santa rosalia,27.32,-112.28,88.34,48,17,6.89,MX,1595376826
601,zmiyiv,49.7,36.36,66.2,72,47,6.71,UA,1595376826
602,arman,59.7,150.17,61.59,66,99,5.91,RU,1595376826
603,sao domingos,-13.4,-46.32,70.2,56,11,9.75,BR,1595376827
604,katobu,-4.94,122.53,79.7,77,0,6.38,ID,1595376575
605,kilindoni,-7.91,39.67,76.37,76,56,19.75,TZ,1595376827
606,san policarpo,12.18,125.51,83.12,75,71,3.89,PH,1595376632
607,phuthaditjhaba,-28.52,28.82,42.76,45,0,3.13,ZA,1595376827
608,luena,-11.78,19.92,51.31,55,0,5.7,AO,1595376827
609,kapuskasing,49.42,-82.43,73.4,46,90,4.7,CA,1595376827
610,ngunguru,-35.62,174.5,57.0,3,22,10.0,NZ,1595376828
611,foz do iguacu,-25.55,-54.59,73.4,53,61,5.82,BR,1595376602
612,visnes,59.36,5.22,51.8,81,17,2.24,NO,1595376828
613,baft,29.23,56.61,65.84,25,0,4.68,IR,1595376828
614,freeport,40.66,-73.58,84.99,54,40,12.75,US,1595376591
615,vicuna,-30.03,-70.71,55.4,87,75,6.93,CL,1595376828
616,beringovskiy,63.05,179.32,48.65,72,0,5.46,RU,1595376829
617,rangkasbitung,-6.36,106.25,78.01,88,40,4.7,ID,1595376829
618,kaeo,-35.1,173.78,57.0,3,13,10.0,NZ,1595376829
